<?xml version="1.0" encoding="UTF-8"?>
<site>
   <description url="http://download.eclipse.org/technology/subversive/0.7/update-site/">
      Eclipse Subversive - SVN Team Provider
   </description>
   <feature url="features/org.eclipse.team.svn_0.7.8.I20091023-1300.jar" id="org.eclipse.team.svn" version="0.7.8.I20091023-1300">
      <category name="Subversive (Incubation)"/>
   </feature>
   <feature url="features/org.eclipse.team.svn.nl1_0.7.8.I20091023-1300.jar" id="org.eclipse.team.svn.nl1" version="0.7.8.I20091023-1300">
      <category name="Subversive (Incubation)"/>
   </feature>
   <feature url="features/org.eclipse.team.svn.resource.ignore.rules.jdt_0.7.8.I20091023-1300.jar" id="org.eclipse.team.svn.resource.ignore.rules.jdt" version="0.7.8.I20091023-1300">
      <category name="Subversive (Incubation)"/>
   </feature>
   <feature url="features/org.eclipse.team.svn.mylyn_0.7.8.I20091023-1300.jar" id="org.eclipse.team.svn.mylyn" version="0.7.8.I20091023-1300">
      <category name="Subversive Integration (Incubation)"/>
   </feature>
   <feature url="features/org.eclipse.team.svn.source_0.7.8.I20091023-1300.jar" id="org.eclipse.team.svn.source" version="0.7.8.I20091023-1300">
      <category name="Subversive Sources (Incubation)"/>
   </feature>
   <feature url="features/org.eclipse.team.svn.ui.capabilities_0.7.8.I20091023-1300.jar" id="org.eclipse.team.svn.ui.capabilities" version="0.7.8.I20091023-1300"/>
   <category-def name="Subversive (Incubation)" label="Subversive SVN Team Provider Plugin (Incubation)">
      <description>
         Eclipse Subversive Team Provider for the Subversion version control system.
      </description>
   </category-def>
   <category-def name="Subversive Integration (Incubation)" label="Subversive Integration Plug-in&apos;s (Incubation)">
      <description>
         Eclipse Subversive Team Provider integration for third party tools.
      </description>
   </category-def>
   <category-def name="Subversive Sources (Incubation)" label="Subversive Sources (Incubation)">
      <description>
         Eclipse Subversive Team Provider development resources.
      </description>
   </category-def>
</site>
